FECHA,PORC_SEMANAL
2014-03-10,18.09
2014-03-17,35.31
2014-03-24,1.7
2014-03-31,1.83
2014-04-07,18.09
2014-04-14,3.35
2014-04-21,2.99
2014-04-28,2.31
2014-05-05,4.88
2014-05-12,3.52
2014-05-19,2.0
2014-05-26,1.89
2014-06-02,0.6
2014-06-09,0.24
2014-06-16,0.23
2014-06-23,0.11
2014-06-30,0.19
2014-07-07,0.19
2014-07-14,0.23
2014-07-21,0.3
2014-07-28,0.38
2014-08-04,0.13
2014-08-11,0.29
2014-08-18,0.63
2014-08-25,0.16
2014-09-01,0.0
2014-09-08,0.25
2014-09-15,0.2
2014-09-22,0.13
2014-09-29,0.0
2014-10-06,0.0
