Fecha,TMAX,TMIN,Prec
2014-01-01,31.8,15.1,0.0
2014-01-02,25.3,13.9,0.0
2014-01-03,21.9,8.2,0.0
2014-01-04,32.0,8.4,0.0
2014-01-05,30.3,8.5,0.0
2014-01-06,37.7,14.5,0.0
2014-01-07,32.7,16.0,0.0
2014-01-08,33.3,8.9,0.0
2014-01-09,28.4,15.0,0.0
2014-01-10,31.0,14.2,0.0
2014-01-11,22.9,8.3,0.0
2014-01-12,27.5,7.7,0.0
2014-01-13,31.3,14.2,0.0
2014-01-14,33.7,17.2,0.0
2014-01-15,38.1,18.0,0.0
2014-01-16,32.3,12.9,3.25
2014-01-17,39.1,20.4,0.25
2014-01-18,40.2,20.8,5.25
2014-01-19,27.9,12.9,0.0
2014-01-20,37.0,14.2,33.25
2014-01-21,31.6,18.1,0.25
2014-01-22,36.4,13.8,7.0
2014-01-23,26.1,18.8,30.25
2014-01-24,20.8,11.4,0.0
2014-01-25,23.3,7.5,0.0
2014-01-26,26.6,10.4,0.0
2014-01-27,31.5,14.7,0.5
2014-01-28,26.2,20.0,25.25
2014-01-29,29.7,17.7,0.0
2014-01-30,32.1,19.1,0.75
2014-01-31,30.7,18.0,0.0
2014-02-01,25.9,11.7,0.0
2014-02-02,30.6,18.5,0.5
2014-02-03,30.6,17.3,3.5
2014-02-04,31.2,15.3,10.5
2014-02-05,24.6,19.0,13.25
2014-02-06,26.4,10.5,0.0
2014-02-07,29.7,15.8,0.0
2014-02-08,29.3,12.8,0.5
2014-02-09,30.3,13.1,0.0
2014-02-10,29.9,11.9,3.75
2014-02-11,26.9,17.6,9.25
2014-02-12,24.4,15.2,0.0
2014-02-13,23.8,9.5,0.0
2014-02-14,22.9,7.1,0.0
2014-02-15,24.3,9.8,0.0
2014-02-16,25.5,16.0,2.0
2014-02-17,26.6,18.1,0.0
2014-02-18,24.6,19.9,14.5
2014-02-19,28.8,18.3,12.0
2014-02-20,26.9,17.2,0.0
2014-02-21,23.1,15.3,0.0
2014-02-22,26.7,8.9,0.0
2014-02-23,27.8,13.7,0.0
2014-02-24,22.0,12.9,0.5
2014-02-25,20.5,10.0,0.0
2014-02-26,20.7,8.1,0.0
2014-02-27,24.1,5.7,0.0
2014-02-28,26.2,8.3,0.0
2014-03-01,27.9,11.1,0.0
2014-03-02,27.6,10.9,0.0
2014-03-03,26.3,11.6,0.0
2014-03-04,23.3,15.4,19.5
2014-03-05,27.6,16.7,0.0
2014-03-06,22.6,12.8,0.0
2014-03-07,28.0,8.1,4.0
2014-03-08,28.2,13.3,0.25
2014-03-09,23.6,16.0,0.5
2014-03-10,22.0,8.6,0.0
2014-03-11,27.6,8.0,0.0
2014-03-12,28.5,9.0,0.0
2014-03-13,28.0,14.4,0.0
2014-03-14,23.9,16.8,75.0
2014-03-15,21.6,12.7,
2014-03-21,,,
2014-03-22,20.9,5.6,0.0
2014-03-23,26.5,8.0,0.0
2014-03-24,20.8,10.2,0.0
2014-03-25,23.2,9.1,0.0
2014-03-26,25.9,14.3,0.0
2014-03-27,26.1,16.7,14.5
2014-03-28,26.3,15.9,0.0
2014-03-29,28.5,16.7,2.5
2014-03-30,22.1,12.7,36.25
2014-03-31,23.3,6.5,0.0
2014-04-01,22.6,9.8,0.0
2014-04-02,22.3,11.6,2.0
2014-04-03,19.7,16.6,5.25
2014-04-04,27.1,16.2,0.0
2014-04-05,22.2,18.8,0.0
2014-04-06,20.3,18.3,1.5
2014-04-07,21.8,18.0,57.25
2014-04-08,22.3,14.5,1.75
2014-04-09,18.9,12.4,0.0
2014-04-10,17.8,8.9,0.5
2014-04-11,21.1,2.8,0.0
2014-04-12,14.0,6.6,7.5
2014-04-13,14.3,9.1,0.25
2014-04-14,19.1,3.8,0.0
2014-04-15,22.3,8.2,0.0
2014-04-16,23.5,11.1,0.0
2014-04-17,18.4,8.5,0.0
2014-04-18,18.5,2.8,0.0
2014-04-19,17.5,5.4,0.0
2014-04-20,19.2,2.9,0.0
2014-04-21,18.4,5.5,0.0
2014-04-22,19.2,2.4,0.0
2014-04-23,23.6,8.6,0.0
2014-04-24,18.2,5.7,0.0
2014-04-25,17.3,1.1,
2014-04-26,19.2,8.0,
2014-04-27,19.8,11.2,
2014-04-28,20.0,10.8,0.0
2014-04-29,19.2,9.3,0.25
2014-04-30,17.6,10.6,
2014-05-01,23.3,9.0,0.0
2014-05-02,17.3,7.9,4.75
2014-05-03,15.3,11.7,54.25
2014-05-04,24.2,8.3,0.0
2014-05-05,23.3,10.1,0.0
2014-05-06,23.9,6.5,4.0
2014-05-07,19.5,12.8,4.5
2014-05-08,16.7,11.9,1.0
2014-05-09,18.3,5.7,0.25
2014-05-10,19.5,10.8,7.25
2014-05-11,17.8,12.0,1.5
2014-05-12,19.2,12.8,0.0
2014-05-13,21.5,12.6,0.0
2014-05-14,17.9,13.4,0.0
2014-05-15,16.4,6.5,0.0
2014-05-16,16.2,4.5,10.25
2014-05-17,14.2,4.5,0.0
2014-05-18,15.1,8.6,3.75
2014-05-19,15.1,4.4,0.0
2014-05-20,14.8,4.3,0.0
2014-05-21,10.1,6.2,8.5
2014-05-22,14.1,7.2,0.0
2014-05-23,12.4,4.9,0.0
2014-05-24,16.4,5.3,0.0
2014-05-25,20.0,4.4,0.0
2014-05-26,18.6,3.2,0.0
2014-05-27,18.6,4.6,0.0
2014-05-28,12.3,3.2,0.0
2014-05-29,16.2,7.2,0.0
2014-05-30,19.0,7.0,0.0
2014-05-31,13.5,6.4,0.0
2014-06-01,20.2,6.5,0.0
2014-06-02,21.5,6.0,0.0
2014-06-03,17.0,6.4,0.0
2014-06-04,13.7,10.1,0.0
2014-06-05,15.2,3.3,0.0
2014-06-06,16.1,2.8,0.0
2014-06-07,11.1,4.8,5.25
2014-06-08,14.7,1.9,0.0
2014-06-09,15.2,5.6,0.0
2014-06-10,18.0,5.2,0.0
2014-06-11,14.1,8.8,0.25
2014-06-12,17.1,8.9,0.0
2014-06-13,12.1,2.7,0.0
2014-06-14,12.5,-0.4,0.0
2014-06-15,10.2,5.2,0.0
2014-06-16,15.5,4.4,0.0
2014-06-17,12.0,2.1,0.0
2014-06-18,11.6,2.8,0.0
2014-06-19,12.0,0.3,0.0
2014-06-20,17.6,4.2,0.0
2014-06-21,15.8,6.6,0.0
2014-06-22,12.8,9.1,0.0
2014-06-23,16.6,2.7,0.0
2014-06-24,15.6,2.4,0.0
2014-06-25,17.1,1.4,0.0
2014-06-26,15.4,0.3,0.0
2014-06-27,16.9,0.3,0.0
2014-06-28,17.6,0.8,0.0
2014-06-29,16.6,-2.2,0.0
2014-06-30,16.2,-2.6,0.0
2014-07-01,14.5,-3.3,0.0
2014-07-02,9.0,0.3,0.0
2014-07-03,11.2,4.4,0.0
2014-07-04,13.2,-3.0,0.0
2014-07-05,12.7,6.8,0.0
2014-07-06,11.2,6.7,0.0
2014-07-07,13.6,4.0,0.0
2014-07-08,12.2,-1.6,0.0
2014-07-09,12.8,1.2,0.0
2014-07-10,13.0,4.5,0.0
2014-07-11,15.7,6.2,0.0
2014-07-12,14.8,9.7,0.0
2014-07-13,17.0,12.5,0.0
2014-07-14,15.9,10.8,0.0
2014-07-15,16.7,8.1,0.0
2014-07-16,17.5,3.2,0.0
2014-07-17,17.6,1.8,0.0
2014-07-18,13.0,4.7,0.0
2014-07-19,19.7,5.5,0.0
2014-07-20,19.5,3.5,0.0
2014-07-21,16.8,7.6,0.0
2014-07-22,13.9,7.5,0.0
2014-07-23,13.8,1.0,0.0
2014-07-24,13.2,-0.1,0.0
2014-07-25,13.2,0.3,0.0
2014-07-26,9.5,-0.2,0.0
2014-07-27,10.5,-3.7,0.0
2014-07-28,12.5,2.9,0.0
2014-07-29,12.6,8.3,0.0
2014-07-30,17.6,6.8,0.0
2014-07-31,11.0,5.2,0.0
2014-08-01,23.7,9.1,0.0
2014-08-02,22.2,12.1,0.0
2014-08-03,18.3,8.2,0.0
2014-08-04,14.3,3.5,0.0
2014-08-05,15.5,2.7,0.0
2014-08-06,15.2,5.4,0.0
2014-08-07,15.3,4.3,0.0
2014-08-08,17.6,2.2,0.0
2014-08-09,17.5,4.5,0.0
2014-08-10,12.8,3.8,0.0
2014-08-11,16.4,-2.0,0.0
2014-08-12,11.2,1.3,0.0
2014-08-13,15.6,0.2,0.0
2014-08-14,19.7,2.5,0.0
2014-08-15,17.4,4.2,0.0
2014-08-16,20.7,4.6,0.0
2014-08-17,24.5,9.2,0.0
2014-08-18,26.3,12.5,0.0
2014-08-19,17.4,7.9,0.0
2014-08-20,24.1,7.9,0.0
2014-08-21,19.9,10.4,0.0
2014-08-22,14.2,9.4,0.0
2014-08-23,14.6,10.8,0.0
2014-08-24,14.7,9.4,0.0
2014-08-25,9.6,6.4,0.0
2014-08-26,8.3,5.7,0.0
2014-08-27,10.0,2.8,0.0
2014-08-28,11.8,-2.0,0.0
2014-08-29,16.5,3.6,0.0
2014-08-30,17.1,4.5,0.0
2014-08-31,22.2,9.8,0.0
2014-09-01,14.6,7.3,0.0
2014-09-02,14.7,10.4,0.0
2014-09-03,15.0,11.3,0.0
2014-09-04,16.7,12.9,0.0
2014-09-05,15.4,12.9,0.0
2014-09-06,15.3,9.8,0.0
2014-09-07,20.7,6.4,0.0
2014-09-08,22.3,8.1,0.0
2014-09-09,16.3,8.3,0.0
2014-09-10,14.9,5.9,0.0
2014-09-11,17.1,4.2,0.0
2014-09-12,19.7,5.8,7.5
2014-09-13,21.2,5.5,0.0
2014-09-14,20.8,7.6,0.0
2014-09-15,17.8,5.7,0.0
2014-09-16,21.1,2.4,0.0
2014-09-17,21.8,5.1,0.0
2014-09-18,20.6,10.5,0.0
2014-09-19,25.4,9.8,0.0
2014-09-20,13.1,8.9,0.25
2014-09-21,16.0,5.4,0.0
2014-09-22,20.4,10.3,7.5
2014-09-23,15.7,9.2,1.5
2014-09-24,18.7,7.8,0.0
2014-09-25,15.8,6.8,1.5
2014-09-26,14.8,1.2,0.0
2014-09-27,18.2,0.7,0.0
2014-09-28,19.1,9.0,0.25
2014-09-29,24.3,6.5,0.0
2014-09-30,19.8,8.8,0.5
2014-10-01,14.1,2.3,0.0
2014-10-02,11.0,-0.6,0.25
2014-10-03,18.6,4.6,0.75
2014-10-04,14.8,12.0,9.5
2014-10-05,15.3,13.2,33.5
2014-10-06,20.7,14.4,0.25
2014-10-07,22.9,13.2,0.0
2014-10-08,26.4,11.8,8.0
2014-10-09,20.1,10.5,0.25
2014-10-10,15.8,7.3,0.0
2014-10-11,18.8,2.8,0.0
2014-10-12,22.6,6.3,0.0
2014-10-13,23.7,6.0,0.0
2014-10-14,25.5,5.7,0.0
2014-10-15,25.2,9.6,0.5
2014-10-16,24.6,12.9,0.0
2014-10-17,24.4,6.6,0.0
2014-10-18,23.5,11.8,0.0
2014-10-19,19.3,8.1,0.0
2014-10-20,20.1,5.7,0.0
2014-10-21,28.6,12.4,0.0
2014-10-22,31.6,15.8,0.0
2014-10-23,23.2,14.1,4.75
2014-10-24,25.3,12.6,0.25
2014-10-25,28.4,15.2,0.0
2014-10-26,27.0,18.2,6.75
2014-10-27,22.3,15.4,10.5
2014-10-28,20.5,12.2,13.0
2014-10-29,20.8,12.9,1.5
2014-10-30,22.2,6.0,0.0
2014-10-31,18.6,8.8,0.0
2014-11-01,15.2,2.6,0.0
2014-11-02,13.0,6.1,9.5
2014-11-03,16.6,9.8,38.75
2014-11-04,19.6,9.9,0.0
2014-11-05,24.1,7.4,0.0
2014-11-06,25.1,11.6,3.75
2014-11-07,23.4,11.3,0.0
2014-11-08,22.5,8.4,0.0
2014-11-09,27.3,7.4,0.0
2014-11-10,23.7,7.7,0.75
2014-11-11,28.2,12.4,5.25
2014-11-12,20.1,8.1,0.0
2014-11-13,23.9,3.3,0.0
2014-11-14,29.0,13.4,0.0
2014-11-15,32.2,12.6,0.0
2014-11-16,26.8,9.8,0.0
2014-11-17,28.4,11.7,0.0
2014-11-18,32.2,16.5,29.75
2014-11-19,24.6,14.5,0.0
2014-11-20,22.3,12.8,0.0
2014-11-21,20.4,11.2,0.0
2014-11-22,26.0,13.0,0.0
2014-11-23,30.1,14.5,5.25
2014-11-24,23.5,12.9,0.0
2014-11-25,25.9,8.2,0.0
2014-11-26,28.7,10.9,8.0
2014-11-27,26.2,12.7,0.0
2014-11-28,29.5,13.6,0.0
2014-11-29,23.3,15.9,30.0
2014-11-30,16.8,11.8,0.0
2014-12-01,20.7,8.8,0.0
2014-12-02,23.0,7.3,0.25
2014-12-03,32.3,8.9,0.0
2014-12-04,29.6,15.0,0.0
2014-12-05,32.0,15.9,0.0
2014-12-06,33.2,16.7,18.75
2014-12-07,28.0,15.5,0.0
2014-12-08,31.2,13.6,0.0
2014-12-09,31.2,17.3,6.5
2014-12-10,24.9,11.0,0.0
2014-12-11,24.2,6.6,0.0
2014-12-12,29.3,13.8,6.5
2014-12-13,23.3,13.4,0.0
2014-12-14,28.7,8.2,0.0
2014-12-15,25.7,11.9,0.25
2014-12-16,30.4,16.6,7.25
2014-12-17,27.5,14.5,0.0
2014-12-18,32.0,9.7,0.0
2014-12-19,34.0,20.2,2.75
2014-12-20,23.8,12.9,0.0
2014-12-21,22.6,11.1,0.75
2014-12-22,18.3,6.3,0.0
2014-12-23,27.5,7.7,0.0
2014-12-24,29.6,13.7,0.0
2014-12-25,31.6,14.3,0.0
2014-12-26,34.6,16.9,0.0
2014-12-27,34.5,16.0,0.25
2014-12-28,35.2,18.9,0.25
2014-12-29,34.9,18.1,14.25
2014-12-30,33.3,16.8,0.0
2014-12-31,24.8,17.7,9.25
